<?xml version="1.0"?>
<!--
/*////////////////////////////////////////////////////////////////////////////////
 \\\\\\\\\\\\\\\\\\\\\\\\\ Contactus extension\\\\\\\\\\\\\\\\\\\\\\\\\\\\\\\\\\\\
 /////////////////////////////////////////////////////////////////////////////////
 \\\\\\\\\\\\\\\\\\\\\\\\\ NOTICE OF LICENSE\\\\\\\\\\\\\\\\\\\\\\\\\\\\\\\\\\\\\\
 ///////                                                                   ///////
 \\\\\\\ This source file is subject to the Open Software License (OSL 3.0)\\\\\\\
 ///////   that is bundled with this package in the file LICENSE.txt.      ///////
 \\\\\\\   It is also available through the world-wide-web at this URL:    \\\\\\\
 ///////          http://opensource.org/licenses/osl-3.0.php               ///////
 \\\\\\\\\\\\\\\\\\\\\\\\\\\\\\\\\\\\\\\\\\\\\\\\\\\\\\\\\\\\\\\\\\\\\\\\\\\\\\\\\
 ///////                      * @category   FME                            ///////
 \\\\\\\                      * @package    FME_Contactus                  \\\\\\\
 ///////    * @author     Malik Tahir Mehmood <malik.tahir786@gmail.com>   ///////
 \\\\\\\                                                                   \\\\\\\
 /////////////////////////////////////////////////////////////////////////////////
 \\* @copyright  Copyright 2010 © free-magentoextensions.com All right reserved\\\
 /////////////////////////////////////////////////////////////////////////////////
 */
-->
<config>
    <acl>
        <resources>
            <admin>
                <children>
                    <system>
                        <children>
                            <config>
                                <children>
                                    <contactus translate="title" module="contactus">
                                        <title>Contactus Section</title>
                                    </contactus>
                                </children>
                            </config>
                        </children>
                    </system>
                </children>
            </admin>
        </resources>
    </acl>
</config>
