<?xml version="1.0"?>
<!--
/*////////////////////////////////////////////////////////////////////////////////
 \\\\\\\\\\\\\\\\\\\\\\\\\ Contactus extension\\\\\\\\\\\\\\\\\\\\\\\\\\\\\\\\\\\\
 /////////////////////////////////////////////////////////////////////////////////
 \\\\\\\\\\\\\\\\\\\\\\\\\ NOTICE OF LICENSE\\\\\\\\\\\\\\\\\\\\\\\\\\\\\\\\\\\\\\
 ///////                                                                   ///////
 \\\\\\\ This source file is subject to the Open Software License (OSL 3.0)\\\\\\\
 ///////   that is bundled with this package in the file LICENSE.txt.      ///////
 \\\\\\\   It is also available through the world-wide-web at this URL:    \\\\\\\
 ///////          http://opensource.org/licenses/osl-3.0.php               ///////
 \\\\\\\\\\\\\\\\\\\\\\\\\\\\\\\\\\\\\\\\\\\\\\\\\\\\\\\\\\\\\\\\\\\\\\\\\\\\\\\\\
 ///////                      * @category   FME                            ///////
 \\\\\\\                      * @package    FME_Contactus                  \\\\\\\
 ///////    * @author     Malik Tahir Mehmood <malik.tahir786@gmail.com>   ///////
 \\\\\\\                                                                   \\\\\\\
 /////////////////////////////////////////////////////////////////////////////////
 \\* @copyright  Copyright 2010 © free-magentoextensions.com All right reserved\\\
 /////////////////////////////////////////////////////////////////////////////////
 */
-->
<config>
      <tabs>
        <FME translate="label" module="contactus">
            <label>FME Extensions</label>
            <sort_order>100</sort_order>
        </FME>
    </tabs>
    <sections>
        <contactus translate="label" module="contactus">
            <tab>FME</tab>
            <label>Contact Us</label>
            <frontend_type>text</frontend_type>
            <sort_order>120</sort_order>
            <show_in_default>1</show_in_default>
            <show_in_website>1</show_in_website>
            <show_in_store>1</show_in_store>
            <groups>
                <main translate="label">
                    <label>Contact Us</label>
                    <frontend_type>text</frontend_type>
                    <sort_order>10</sort_order>
                    <show_in_default>1</show_in_default>
                    <show_in_website>1</show_in_website>
                    <show_in_store>1</show_in_store>
                    <fields>
                        <enable translate="label">
                            <label>Enable Contact Us</label>
                            <frontend_type>select</frontend_type>
                            <source_model>adminhtml/system_config_source_yesno</source_model>
                            <backend_model>contacts/system_config_backend_links</backend_model>
                            <sort_order>10</sort_order>
                            <show_in_default>1</show_in_default>
                            <show_in_website>1</show_in_website>
                            <show_in_store>1</show_in_store>
                        </enable>
                    </fields>
                </main>
                <reply translate="label">
                    <label>Reply To Customer</label>
                    <frontend_type>text</frontend_type>
                    <sort_order>30</sort_order>
                    <show_in_default>1</show_in_default>
                    <show_in_website>1</show_in_website>
                    <show_in_store>1</show_in_store>
                    <fields>
                        <enable translate="label">
                            <label>Reply to Customer</label>
                            <frontend_type>select</frontend_type>
                            <source_model>adminhtml/system_config_source_yesno</source_model>
                            <backend_model>contacts/system_config_backend_links</backend_model>
                            <sort_order>10</sort_order>
                            <show_in_default>1</show_in_default>
                            <show_in_website>1</show_in_website>
                            <show_in_store>1</show_in_store>
                        </enable>
                        <subject translate="label">
                            <label>Subject</label>
                            <comment>Enter The Subject Of The Email</comment>
                            <frontend_type>text</frontend_type>
                            <sort_order>10</sort_order>
                            <show_in_default>1</show_in_default>
                            <show_in_website>1</show_in_website>
                            <show_in_store>1</show_in_store>
                            
                        </subject>
                        <body translate="label">
                            <label>Message</label>
                            <comment>Enter The Body Of The Email</comment>
                            <frontend_type>editor</frontend_type>
                            <sort_order>20</sort_order>
                            <show_in_default>1</show_in_default>
                            <show_in_website>1</show_in_website>
                            <show_in_store>1</show_in_store>
                        </body>
                    </fields>
                </reply>
            </groups>
        </contactus>
    </sections>
</config>
