<?xml version="1.0"?>
 <!--/**-->
 <!--* Products Sold Extension-->
 <!--*-->
 <!--* NOTICE OF LICENSE-->
 <!--*-->
 <!--* This source file is subject to the Open Software License (OSL 3.0)-->
 <!--* that is bundled with this package in the file LICENSE.txt.-->
 <!--* It is also available through the world-wide-web at this URL:-->
 <!--* http://opensource.org/licenses/osl-3.0.php-->
 <!--*-->
 <!--* @category   FME-->
 <!--* @package    FME_Productssold-->
 <!--* @author     Mirza Tauseef<mirza.tauseef@live.com>-->
 <!--* @copyright  Copyright 2010 © free-magentoextensions.com All right reserved-->
 <!--*/-->
<config>
    

    <sections>
 	    <productssold translate="label" module="productssold">
		<label>Products Sold</label>
		<tab>catalog</tab>
		<frontend_type>text</frontend_type>
		<sort_order>667</sort_order>
		<show_in_default>1</show_in_default>
		<show_in_website>1</show_in_website>
		<show_in_store>1</show_in_store>
			<groups>
			    <list translate="label comment" module="productssold">
				<label>Products Sold Settings</label>
				<frontend_type>text</frontend_type>
				<sort_order>15</sort_order>
				<show_in_default>1</show_in_default>
				<show_in_website>1</show_in_website>
				<show_in_store>1</show_in_store>
				    <fields>
					
				    
				    
						    <description translate="label">
							<label>Enable Products Sold at Product View Page</label>
							<frontend_type>select</frontend_type>
							<source_model>adminhtml/system_config_source_yesno</source_model>
							<sort_order>20</sort_order>
							<show_in_default>1</show_in_default>
							<show_in_website>1</show_in_website>
							<show_in_store>1</show_in_store>
						    </description>
						    
						     <display translate="label">
							<label>Select Display</label>
							<frontend_type>select</frontend_type>
							<source_model>productssold/orders </source_model>
							<sort_order>30</sort_order>
							<show_in_default>1</show_in_default>
							<show_in_website>0</show_in_website>
							<show_in_store>0</show_in_store>
						     </display>
								
				    </fields>
			    </list>  
			</groups>                        
        </productssold>
    </sections>
</config>