<?xml version="1.0"?>
<!-- 
/**
 * @category   Mage
 * @package    Mage_Banners
 * @license    http://opensource.org/licenses/osl-3.0.php  Open Software License (OSL 3.0)
 */
 --> 
<config>
    <tabs>
        <banners translate="label" module="banners">
            <label>Banners</label>
            <sort_order>301</sort_order>
        </banners>
    </tabs>
    <sections>
        <banners translate="label" module="banners">
            <label>Banners Configuration</label>
            <tab>banners</tab>
            <sort_order>130</sort_order>
            <show_in_default>1</show_in_default>
            <show_in_website>1</show_in_website>
            <show_in_store>1</show_in_store>
            <groups>
				<general translate="label comment" module="banners">
                    <label>General Settings</label>
                    <frontend_type>text</frontend_type>
                    <sort_order>5</sort_order>
                    <show_in_default>1</show_in_default>
                    <show_in_website>1</show_in_website>
                    <show_in_store>1</show_in_store>
                    <fields>
                        <banner_width translate="label">
                            <label>Banner Width</label>
                            <frontend_type>text</frontend_type>
                            <sort_order>0</sort_order>
                            <show_in_default>1</show_in_default>
                            <show_in_website>1</show_in_website>
                            <show_in_store>1</show_in_store>
                        </banner_width>
						
						<banner_height translate="label">
                            <label>Banner Height</label>
                            <frontend_type>text</frontend_type>
                            <sort_order>1</sort_order>
                            <show_in_default>1</show_in_default>
                            <show_in_website>1</show_in_website>
                            <show_in_store>1</show_in_store>
                        </banner_height>
						
						<banner_backgroundcolor translate="label">
                            <label>Banner Background Color</label>
                            <frontend_type>text</frontend_type>
                            <sort_order>2</sort_order>
                            <show_in_default>1</show_in_default>
                            <show_in_website>1</show_in_website>
                            <show_in_store>1</show_in_store>
                        </banner_backgroundcolor>
						
						<auto_play translate="label">
                            <label>Auto Play</label>
                            <frontend_type>select</frontend_type>
                            <source_model>adminhtml/system_config_source_yesno</source_model>
                            <sort_order>3</sort_order>
                            <show_in_default>1</show_in_default>
                            <show_in_website>1</show_in_website>
                            <show_in_store>1</show_in_store>
                        </auto_play>
						
						<image_resize_to_fit translate="label">
                            <label>Banner Image Resize To Fit</label>
                            <frontend_type>select</frontend_type>
                            <source_model>adminhtml/system_config_source_yesno</source_model>
                            <sort_order>4</sort_order>
                            <show_in_default>1</show_in_default>
                            <show_in_website>1</show_in_website>
                            <show_in_store>1</show_in_store>
							<comment>(if you select yes Images are auto fit to banner size that you specifiy above!)</comment>
                        </image_resize_to_fit>
						
						<image_randomize_order translate="label">
                            <label>Banner Image Randomize Order</label>
                            <frontend_type>select</frontend_type>
                            <source_model>adminhtml/system_config_source_yesno</source_model>
                            <sort_order>5</sort_order>
                            <show_in_default>1</show_in_default>
                            <show_in_website>1</show_in_website>
                            <show_in_store>1</show_in_store>
							<comment>(If you set yes images display randomly!)</comment>
                        </image_randomize_order>
						
                    </fields>
                </general>
				
				<textsettings translate="label comment" module="banners">
                    <label>Text Settings</label>
                    <frontend_type>text</frontend_type>
                    <sort_order>6</sort_order>
                    <show_in_default>1</show_in_default>
                    <show_in_website>1</show_in_website>
                    <show_in_store>1</show_in_store>
                    <fields>
                        <text_size translate="label">
                            <label>Text Size</label>
                            <frontend_type>text</frontend_type>
                            <sort_order>0</sort_order>
                            <show_in_default>1</show_in_default>
                            <show_in_website>1</show_in_website>
                            <show_in_store>1</show_in_store>
                        </text_size>
						
						<text_color translate="label">
                            <label>Text Color</label>
                            <frontend_type>text</frontend_type>
                            <sort_order>1</sort_order>
                            <show_in_default>1</show_in_default>
                            <show_in_website>1</show_in_website>
                            <show_in_store>1</show_in_store>
                        </text_color>
						
						<text_area_width translate="label">
                            <label>Text Area Width</label>
                            <frontend_type>text</frontend_type>
                            <sort_order>2</sort_order>
                            <show_in_default>1</show_in_default>
                            <show_in_website>1</show_in_website>
                            <show_in_store>1</show_in_store>
                        </text_area_width>
						
						<text_line_spacing translate="label">
                            <label>Text Line Spacing</label>
                            <frontend_type>text</frontend_type>
                            <sort_order>3</sort_order>
                            <show_in_default>1</show_in_default>
                            <show_in_website>1</show_in_website>
                            <show_in_store>1</show_in_store>
                        </text_line_spacing>
						
						<text_letter_spacing translate="label">
                            <label>Text Letter Spacing</label>
                            <frontend_type>text</frontend_type>
                            <sort_order>4</sort_order>
                            <show_in_default>1</show_in_default>
                            <show_in_website>1</show_in_website>
                            <show_in_store>1</show_in_store>
                        </text_letter_spacing>
						
						<text_margin_left translate="label">
                            <label>Text Margin Left</label>
                            <frontend_type>text</frontend_type>
                            <sort_order>4</sort_order>
                            <show_in_default>1</show_in_default>
                            <show_in_website>1</show_in_website>
                            <show_in_store>1</show_in_store>
                        </text_margin_left>
						
						<text_margin_bottom translate="label">
                            <label>Text Margin Bottom</label>
                            <frontend_type>text</frontend_type>
                            <sort_order>5</sort_order>
                            <show_in_default>1</show_in_default>
                            <show_in_website>1</show_in_website>
                            <show_in_store>1</show_in_store>
                        </text_margin_bottom>
						
						<text_background_blur translate="label">
                            <label>Text Background Blur</label>
                            <frontend_type>select</frontend_type>
                            <source_model>adminhtml/system_config_source_yesno</source_model>
                            <sort_order>6</sort_order>
                            <show_in_default>1</show_in_default>
                            <show_in_website>1</show_in_website>
                            <show_in_store>1</show_in_store>
                        </text_background_blur>
						
						<text_background_color translate="label">
                            <label>Text Background Color</label>
                            <frontend_type>text</frontend_type>
                            <sort_order>7</sort_order>
                            <show_in_default>1</show_in_default>
                            <show_in_website>1</show_in_website>
                            <show_in_store>1</show_in_store>
                        </text_background_color>
						
						<text_background_transparency translate="label">
                            <label>Text Background Transparency</label>
                            <frontend_type>text</frontend_type>
                            <sort_order>7</sort_order>
                            <show_in_default>1</show_in_default>
                            <show_in_website>1</show_in_website>
                            <show_in_store>1</show_in_store>
                        </text_background_transparency>
                    </fields>
                </textsettings>
				
				<transition translate="label comment" module="banners">
                    <label>Transition Settings</label>
                    <frontend_type>text</frontend_type>
                    <sort_order>7</sort_order>
                    <show_in_default>1</show_in_default>
                    <show_in_website>1</show_in_website>
                    <show_in_store>1</show_in_store>
                    <fields>
                        <transition_type translate="label">
                            <label>Transition Type</label>
                            <frontend_type>text</frontend_type>
                            <sort_order>0</sort_order>
                            <show_in_default>1</show_in_default>
                            <show_in_website>1</show_in_website>
                            <show_in_store>1</show_in_store>
							<comment>(There are 1-12 Differrent effects set the values b/w 1-12 and see effects!)</comment>
                        </transition_type>
						
						<transition_random_effects translate="label">
                            <label>Transition Random Effects</label>
                            <frontend_type>select</frontend_type>
                            <source_model>adminhtml/system_config_source_yesno</source_model>
                            <sort_order>1</sort_order>
                            <show_in_default>1</show_in_default>
                            <show_in_website>1</show_in_website>
                            <show_in_store>1</show_in_store>
                        </transition_random_effects>
						
						<transition_delay_time_fixed translate="label">
                            <label>Transition Delay Time Fixed</label>
                            <frontend_type>text</frontend_type>
                            <sort_order>1</sort_order>
                            <show_in_default>1</show_in_default>
                            <show_in_website>1</show_in_website>
                            <show_in_store>1</show_in_store>
                        </transition_delay_time_fixed>
						
						<transition_delay_time_per_word translate="label">
                            <label>Transition Delay Time Per Word</label>
                            <frontend_type>text</frontend_type>
                            <sort_order>1</sort_order>
                            <show_in_default>1</show_in_default>
                            <show_in_website>1</show_in_website>
                            <show_in_store>1</show_in_store>
                        </transition_delay_time_per_word>
						
						<transition_speed translate="label">
                            <label>Transition Speed</label>
                            <frontend_type>text</frontend_type>
                            <sort_order>1</sort_order>
                            <show_in_default>1</show_in_default>
                            <show_in_website>1</show_in_website>
                            <show_in_store>1</show_in_store>
                        </transition_speed>
						
						<transition_blur translate="label">
                            <label>Transition Blur</label>
                            <frontend_type>select</frontend_type>
                            <source_model>adminhtml/system_config_source_yesno</source_model>
                            <sort_order>1</sort_order>
                            <show_in_default>1</show_in_default>
                            <show_in_website>1</show_in_website>
                            <show_in_store>1</show_in_store>
                        </transition_blur>	
                    </fields>
                </transition>
				
				<showhide translate="label comment" module="banners">
                    <label>Show Hide Settings</label>
                    <frontend_type>text</frontend_type>
                    <sort_order>8</sort_order>
                    <show_in_default>1</show_in_default>
                    <show_in_website>1</show_in_website>
                    <show_in_store>1</show_in_store>
                    <fields>
                       <show_timer_clock translate="label">
                            <label>Show Timer Clock</label>
                            <frontend_type>select</frontend_type>
                            <source_model>adminhtml/system_config_source_yesno</source_model>
                            <sort_order>0</sort_order>
                            <show_in_default>1</show_in_default>
                            <show_in_website>1</show_in_website>
                            <show_in_store>1</show_in_store>
                        </show_timer_clock>
						
						 <show_next_button translate="label">
                            <label>Show Next Button</label>
                            <frontend_type>select</frontend_type>
                            <source_model>adminhtml/system_config_source_yesno</source_model>
                            <sort_order>1</sort_order>
                            <show_in_default>1</show_in_default>
                            <show_in_website>1</show_in_website>
                            <show_in_store>1</show_in_store>
                        </show_next_button>
						
						<show_back_button translate="label">
                            <label>Show Back Button</label>
                            <frontend_type>select</frontend_type>
                            <source_model>adminhtml/system_config_source_yesno</source_model>
                            <sort_order>2</sort_order>
                            <show_in_default>1</show_in_default>
                            <show_in_website>1</show_in_website>
                            <show_in_store>1</show_in_store>
                        </show_back_button>
						
						<show_number_buttons translate="label">
                            <label>Show Number Buttons</label>
                            <frontend_type>select</frontend_type>
                            <source_model>adminhtml/system_config_source_yesno</source_model>
                            <sort_order>3</sort_order>
                            <show_in_default>1</show_in_default>
                            <show_in_website>1</show_in_website>
                            <show_in_store>1</show_in_store>
                        </show_number_buttons>
						
						<show_number_buttons_always translate="label">
                            <label>Show Number Buttons Always</label>
                            <frontend_type>select</frontend_type>
                            <source_model>adminhtml/system_config_source_yesno</source_model>
                            <sort_order>4</sort_order>
                            <show_in_default>1</show_in_default>
                            <show_in_website>1</show_in_website>
                            <show_in_store>1</show_in_store>
                        </show_number_buttons_always>
						
						<show_number_buttons_horizontal translate="label">
                            <label>Show Number Buttons Horizontal</label>
                            <frontend_type>select</frontend_type>
                            <source_model>adminhtml/system_config_source_yesno</source_model>
                            <sort_order>5</sort_order>
                            <show_in_default>1</show_in_default>
                            <show_in_website>1</show_in_website>
                            <show_in_store>1</show_in_store>
                        </show_number_buttons_horizontal>
						
						<show_number_buttons_ascending translate="label">
                            <label>Show Number Buttons Ascending</label>
                            <frontend_type>select</frontend_type>
                            <source_model>adminhtml/system_config_source_yesno</source_model>
                            <sort_order>6</sort_order>
                            <show_in_default>1</show_in_default>
                            <show_in_website>1</show_in_website>
                            <show_in_store>1</show_in_store>
                        </show_number_buttons_ascending>
						
						<show_play_pause_on_timer translate="label">
                            <label>Show Play Pause On Timer</label>
                            <frontend_type>select</frontend_type>
                            <source_model>adminhtml/system_config_source_yesno</source_model>
                            <sort_order>7</sort_order>
                            <show_in_default>1</show_in_default>
                            <show_in_website>1</show_in_website>
                            <show_in_store>1</show_in_store>
                        </show_play_pause_on_timer>
						
						<align_buttons_left translate="label">
                            <label>Align Buttons Leftr</label>
                            <frontend_type>select</frontend_type>
                            <source_model>adminhtml/system_config_source_yesno</source_model>
                            <sort_order>8</sort_order>
                            <show_in_default>1</show_in_default>
                            <show_in_website>1</show_in_website>
                            <show_in_store>1</show_in_store>
                        </align_buttons_left>
						
						<align_text_top translate="label">
                            <label>Align Text Top</label>
                            <frontend_type>select</frontend_type>
                            <source_model>adminhtml/system_config_source_yesno</source_model>
                            <sort_order>9</sort_order>
                            <show_in_default>1</show_in_default>
                            <show_in_website>1</show_in_website>
                            <show_in_store>1</show_in_store>
                        </align_text_top>
						
						
						
						
                    </fields>
                </showhide>
				
            </groups>                        
        </banners>
    </sections>
</config>